{
  "Mw": 7.739557711865469,
  "Mw_catalog": 5.9,
  "VR": 0.9876697120048322,
  "VR_round1": 0.8942889037472292,
  "dMw": 1.839557711865469,
  "d_dip_np1": 56.339999999999996,
  "d_strike_np1": 30.45436070013983,
  "dip": 0.1,
  "n_railed": 3,
  "n_tracks": 1,
  "phase_sign": -1.0,
  "railed": [
    "FAUL Dip",
    "FAUL StrSlip",
    "FAUL DipSlip"
  ],
  "rake": -135.0,
  "recentered": true,
  "round2_used": true,
  "stacked": false,
  "strike": 300.70436070013983,
  "zone": "RED"
}