{
  "Mw": 6.253344156357458,
  "Mw_catalog": 5.5,
  "VR": 0.9995545262426164,
  "VR_round1": 0.9995143283800967,
  "dMw": 0.7533441563574579,
  "d_dip_np1": 58.41,
  "d_strike_np1": 46.59939779724456,
  "dip": 0.1,
  "n_railed": 0,
  "n_tracks": 1,
  "phase_sign": -1.0,
  "railed": [],
  "rake": -45.0,
  "recentered": false,
  "round2_used": true,
  "stacked": false,
  "strike": 146.68060220275544,
  "zone": "YELLOW"
}