{
  "Mw": 5.74893465936247,
  "Mw_catalog": 5.5,
  "VR": 0.45945678364655573,
  "VR_round1": 0.41620345789952307,
  "dMw": 0.24893465936246972,
  "d_dip_np1": 40.369897180144775,
  "d_strike_np1": 74.35948255734434,
  "dip": 67.41989718014477,
  "n_railed": 0,
  "n_tracks": 1,
  "phase_sign": -1.0,
  "railed": [],
  "rake": -46.349550095965355,
  "recentered": true,
  "round2_used": true,
  "stacked": false,
  "strike": 73.19948255734434,
  "zone": "RED"
}