{
  "Mw": 5.749422421804237,
  "Mw_catalog": 5.6,
  "VR": 0.27900268639675685,
  "VR_round1": 0.21095396840900904,
  "dMw": 0.14942242180423726,
  "d_dip_np1": 31.34018935933213,
  "d_strike_np1": 166.20804043560096,
  "dip": 27.759810640667872,
  "n_railed": 0,
  "n_tracks": 1,
  "phase_sign": -1.0,
  "railed": [],
  "rake": -123.65524408541748,
  "recentered": false,
  "round2_used": true,
  "stacked": false,
  "strike": 31.271959564399026,
  "zone": "RED"
}