{
  "Mw": 6.301802712982639,
  "Mw_catalog": 5.6,
  "VR": 0.9721510174249031,
  "VR_round1": 0.7669531188043255,
  "dMw": 0.701802712982639,
  "d_dip_np1": 9.070880612052207,
  "d_strike_np1": 92.53385983329673,
  "dip": 71.0708806120522,
  "n_railed": 0,
  "n_tracks": 2,
  "phase_sign": -1.0,
  "railed": [],
  "rake": 7.249881679552107,
  "recentered": true,
  "round2_used": true,
  "stacked": false,
  "strike": 303.46614016670327,
  "zone": "YELLOW"
}