{
  "Mw": 5.786885789963905,
  "Mw_catalog": 5.2,
  "VR": 0.7823758822012162,
  "VR_round1": 0.23638583020624704,
  "centroid_depth_km": 12.23,
  "centroid_depth_sigma_km": 2.51,
  "dMw": 0.5868857899639046,
  "d_dip_np1": 28.629639143028136,
  "d_strike_np1": 144.7748178346099,
  "dip": 88.77963914302813,
  "n_railed": 0,
  "n_tracks": 1,
  "phase_sign": -1.0,
  "pipeline_rev": "4.0.0",
  "railed": [],
  "rake": -47.42496036027825,
  "recentered": false,
  "round2_used": true,
  "stacked": false,
  "stress_drop_mpa": 8.967,
  "stress_drop_sigma_mpa": 3.406,
  "stress_drop_valid": true,
  "strike": 3.9451821653900936,
  "zone": "YELLOW"
}