{
  "Mw": 5.099022568789881,
  "Mw_catalog": 5.3,
  "VR": 0.6602487373922965,
  "VR_round1": 0.46472023835430853,
  "dMw": 0.20097743121011913,
  "d_dip_np1": 62.44,
  "d_strike_np1": 40.13176161434208,
  "dip": 0.1,
  "n_railed": 0,
  "n_tracks": 1,
  "phase_sign": 1.0,
  "railed": [],
  "rake": 98.14613583550351,
  "recentered": true,
  "round2_used": true,
  "stacked": true,
  "strike": 198.63176161434208,
  "zone": "YELLOW"
}