{
  "Mw": 6.172712748717346,
  "Mw_catalog": 5.7,
  "VR": 0.9795911371447361,
  "VR_round1": 0.5141186723932514,
  "dMw": 0.4727127487173455,
  "d_dip_np1": 47.013280223678414,
  "d_strike_np1": 174.18418345750186,
  "dip": 87.13328022367841,
  "n_railed": 0,
  "n_tracks": 2,
  "phase_sign": -1.0,
  "railed": [],
  "rake": -19.44968586357554,
  "recentered": true,
  "round2_used": true,
  "stacked": false,
  "strike": 262.71581654249815,
  "zone": "GREEN"
}