{
  "Mw": 6.221385291493714,
  "Mw_catalog": 5.8,
  "VR": 0.9044061017099168,
  "VR_round1": 0.9129785860042674,
  "dMw": 0.4213852914937144,
  "d_dip_np1": 59.7076550259152,
  "d_strike_np1": 35.271952007083485,
  "dip": 79.1476550259152,
  "n_railed": 0,
  "n_tracks": 1,
  "phase_sign": -1.0,
  "railed": [],
  "rake": 12.450065164199255,
  "recentered": true,
  "round2_used": true,
  "stacked": false,
  "strike": 275.4380479929165,
  "zone": "GREEN"
}