{
  "Mw": 6.130948763302789,
  "Mw_catalog": 5.7,
  "VR": 0.7311668146571433,
  "VR_round1": 0.7998118396080338,
  "dMw": 0.43094876330278886,
  "d_dip_np1": 45.34129212107666,
  "d_strike_np1": 139.83702808817526,
  "dip": 1.6587078789233374,
  "n_railed": 0,
  "n_tracks": 1,
  "phase_sign": 1.0,
  "railed": [],
  "rake": 80.07113886305426,
  "recentered": true,
  "round2_used": true,
  "stacked": false,
  "strike": 125.16297191182474,
  "zone": "GREEN"
}