{
  "Mw": 6.2091441345702245,
  "Mw_catalog": 5.5,
  "VR": 0.9438573561231846,
  "VR_round1": 0.8934971482185969,
  "dMw": 0.7091441345702245,
  "d_dip_np1": 24.312476914631432,
  "d_strike_np1": 8.97680006640645,
  "dip": 39.08752308536857,
  "n_railed": 0,
  "n_tracks": 1,
  "phase_sign": 1.0,
  "railed": [],
  "rake": 153.31311981409942,
  "recentered": false,
  "round2_used": true,
  "stacked": false,
  "strike": 23.46680006640645,
  "zone": "YELLOW"
}