{
  "Mw": 5.661713790475385,
  "Mw_catalog": 5.7,
  "VR": 0.38940926451546276,
  "VR_round1": 0.23214687995248395,
  "dMw": 0.03828620952461481,
  "d_dip_np1": 22.547421302984645,
  "d_strike_np1": 67.81754270247568,
  "dip": 89.97742130298465,
  "n_railed": 0,
  "n_tracks": 1,
  "phase_sign": 1.0,
  "railed": [],
  "rake": 160.36449353795825,
  "recentered": true,
  "round2_used": true,
  "stacked": false,
  "strike": 126.26754270247568,
  "zone": "RED"
}