{
  "Mw": 7.730286148703265,
  "Mw_catalog": 5.8,
  "VR": 0.7956102960091443,
  "VR_round1": 0.2196335992498053,
  "dMw": 1.9302861487032654,
  "d_dip_np1": 72.89997266435545,
  "d_strike_np1": 59.88796773355813,
  "dip": 0.10002733564455542,
  "n_railed": 4,
  "n_tracks": 1,
  "phase_sign": 1.0,
  "railed": [
    "FAUL Width",
    "FAUL Depth",
    "FAUL Dip",
    "FAUL DipSlip"
  ],
  "rake": 124.6076661377018,
  "recentered": true,
  "round2_used": true,
  "stacked": false,
  "strike": 119.11203226644187,
  "zone": "RED"
}