{
  "Mw": 6.4791564968295,
  "Mw_catalog": 6.1,
  "VR": 0.861121212653048,
  "VR_round1": 0.8712625831012201,
  "dMw": 0.37915649682950026,
  "d_dip_np1": 38.05519047845141,
  "d_strike_np1": 97.85015556913837,
  "dip": 82.66519047845141,
  "n_railed": 0,
  "n_tracks": 1,
  "phase_sign": 1.0,
  "railed": [],
  "rake": -19.347909926869505,
  "recentered": true,
  "round2_used": true,
  "stacked": false,
  "strike": 222.62984443086165,
  "zone": "GREEN"
}