{
  "Mw": 6.514782011378338,
  "Mw_catalog": 5.8,
  "VR": 0.952870033487681,
  "VR_round1": 0.2940793758964151,
  "dMw": 0.7147820113783379,
  "d_dip_np1": 57.13902934832238,
  "d_strike_np1": 170.32509619474231,
  "dip": 15.080970651677617,
  "n_railed": 3,
  "n_tracks": 1,
  "phase_sign": -1.0,
  "railed": [
    "FAUL X",
    "FAUL StrSlip",
    "FAUL DipSlip"
  ],
  "rake": 45.0,
  "recentered": true,
  "round2_used": true,
  "stacked": false,
  "strike": 45.91509619474232,
  "zone": "YELLOW"
}