{
  "Mw": 6.399816595957412,
  "Mw_catalog": 5.6,
  "VR": 0.019176039025541214,
  "VR_round1": 0.01830510879365732,
  "dMw": 0.7998165959574122,
  "d_dip_np1": 38.8324748472097,
  "d_strike_np1": 160.11003005775513,
  "dip": 59.6524748472097,
  "n_railed": 5,
  "n_tracks": 1,
  "phase_sign": -1.0,
  "railed": [
    "FAUL Length",
    "FAUL Width",
    "FAUL Depth",
    "FAUL StrSlip",
    "FAUL DipSlip"
  ],
  "rake": -135.00009005558053,
  "recentered": true,
  "round2_used": true,
  "stacked": false,
  "strike": 158.66996994224485,
  "zone": "RED"
}