{
  "Mw": 6.374846720400876,
  "Mw_catalog": 5.7,
  "VR": 0.9928499460732993,
  "VR_round1": 0.9260123180968804,
  "dMw": 0.6748467204008755,
  "d_dip_np1": 17.80139878461972,
  "d_strike_np1": 15.929906336003544,
  "dip": 0.8486012153802776,
  "n_railed": 3,
  "n_tracks": 1,
  "phase_sign": 1.0,
  "railed": [
    "FAUL Length",
    "FAUL Depth",
    "FAUL Dip"
  ],
  "rake": 145.2463556762423,
  "recentered": true,
  "round2_used": true,
  "stacked": false,
  "strike": 26.769906336003544,
  "zone": "YELLOW"
}