{
  "Mw": 5.766929995982536,
  "Mw_catalog": 5.08,
  "VR": 0.9918098430783778,
  "VR_round1": 0.8589815876454855,
  "dMw": 0.6869299959825357,
  "d_dip_np1": 20.09220213155629,
  "d_strike_np1": 153.96228967969842,
  "dip": 33.32779786844371,
  "n_railed": 0,
  "n_tracks": 1,
  "phase_sign": 1.0,
  "railed": [],
  "rake": 16.855423529381724,
  "recentered": false,
  "round2_used": true,
  "stacked": false,
  "strike": 17.28228967969841,
  "zone": "YELLOW"
}