{
  "Mw": 6.744529037703362,
  "Mw_catalog": 6.3,
  "VR": 0.9332589709274519,
  "VR_round1": 0.7953956915819336,
  "dMw": 0.4445290377033624,
  "d_dip_np1": 44.3851062414081,
  "d_strike_np1": 39.66873259015563,
  "dip": 74.2851062414081,
  "n_railed": 0,
  "n_tracks": 2,
  "phase_sign": 1.0,
  "railed": [],
  "rake": -163.4672834398112,
  "recentered": false,
  "round2_used": true,
  "stacked": false,
  "strike": 308.95873259015565,
  "zone": "GREEN"
}