{
  "Mw": 6.178974523934108,
  "Mw_catalog": 5.7,
  "VR": 0.7921308537419773,
  "VR_round1": 0.6999518740092661,
  "dMw": 0.47897452393410767,
  "d_dip_np1": 28.33736724524782,
  "d_strike_np1": 62.47382749421757,
  "dip": 67.19736724524782,
  "n_railed": 0,
  "n_tracks": 2,
  "phase_sign": 1.0,
  "railed": [],
  "rake": 22.494511328405057,
  "recentered": false,
  "round2_used": true,
  "stacked": false,
  "strike": 41.84617250578242,
  "zone": "GREEN"
}