{
  "Mw": 6.365186545494343,
  "Mw_catalog": 6.7,
  "VR": 0.5153467803681876,
  "VR_round1": 0.5237368147071484,
  "centroid_depth_km": 7.16,
  "centroid_depth_sigma_km": 0.82,
  "dMw": 0.3348134545056576,
  "d_dip_np1": 11.088473338540936,
  "d_strike_np1": 90.06560900564324,
  "dip": 43.42152666145906,
  "n_railed": 0,
  "n_tracks": 1,
  "phase_sign": 1.0,
  "pipeline_rev": "4.0.0",
  "railed": [],
  "rake": 178.7888138296932,
  "recentered": true,
  "round2_used": true,
  "stacked": false,
  "stress_drop_mpa": 0.624,
  "stress_drop_sigma_mpa": 0.129,
  "stress_drop_valid": true,
  "strike": 13.58560900564322,
  "zone": "YELLOW"
}