{
  "Mw": 6.6460350531783225,
  "Mw_catalog": 5.6,
  "VR": 0.9915049520291718,
  "VR_round1": 0.9646722833039323,
  "dMw": 1.046035053178323,
  "d_dip_np1": 13.271541369049114,
  "d_strike_np1": 101.64058985670175,
  "dip": 7.698458630950885,
  "n_railed": 3,
  "n_tracks": 1,
  "phase_sign": 1.0,
  "railed": [
    "FAUL Length",
    "FAUL Depth",
    "FAUL DipSlip"
  ],
  "rake": 62.53096190883261,
  "recentered": true,
  "round2_used": true,
  "stacked": false,
  "strike": 236.67941014329824,
  "zone": "RED"
}