{
  "Mw": 5.894121979125379,
  "Mw_catalog": 5.7,
  "VR": 0.7264363634500364,
  "VR_round1": 0.1450716227975245,
  "dMw": 0.19412197912537899,
  "d_dip_np1": 6.7702854889341495,
  "d_strike_np1": 169.97000362893556,
  "dip": 61.77028548893415,
  "n_railed": 0,
  "n_tracks": 1,
  "phase_sign": 1.0,
  "railed": [],
  "rake": -150.42807310482465,
  "recentered": false,
  "round2_used": true,
  "stacked": false,
  "strike": 332.97000362893556,
  "zone": "GREEN"
}