{
  "Mw": 5.899822013668115,
  "Mw_catalog": 5.1,
  "VR": 0.6952928764368864,
  "VR_round1": 0.493325980883103,
  "dMw": 0.7998220136681153,
  "d_dip_np1": 8.799056217083844,
  "d_strike_np1": 31.234055345653587,
  "dip": 43.450943782916156,
  "n_railed": 0,
  "n_tracks": 1,
  "phase_sign": 1.0,
  "railed": [],
  "rake": -45.0,
  "recentered": false,
  "round2_used": true,
  "stacked": false,
  "strike": 314.0240553456536,
  "zone": "YELLOW"
}