{
  "Mw": 5.5518092001730475,
  "Mw_catalog": 5.7,
  "VR": 0.4851120770732307,
  "VR_round1": 0.2455893894854988,
  "dMw": 0.1481907998269527,
  "d_dip_np1": 61.069218878756075,
  "d_strike_np1": 74.19938111271048,
  "dip": 3.540781121243924,
  "n_railed": 0,
  "n_tracks": 1,
  "phase_sign": -1.0,
  "railed": [],
  "rake": 136.99567881148747,
  "recentered": true,
  "round2_used": true,
  "stacked": false,
  "strike": 164.55061888728952,
  "zone": "RED"
}