{
  "Mw": 6.303906759533539,
  "Mw_catalog": 5.6,
  "VR": 0.8770444646979008,
  "VR_round1": 0.7021135249942918,
  "dMw": 0.7039067595335391,
  "d_dip_np1": 32.58105752669069,
  "d_strike_np1": 134.65912510850166,
  "dip": 70.23105752669069,
  "n_railed": 0,
  "n_tracks": 2,
  "phase_sign": -1.0,
  "railed": [],
  "rake": -170.0048079360785,
  "recentered": true,
  "round2_used": true,
  "stacked": false,
  "strike": 304.53087489149834,
  "zone": "YELLOW"
}