{
  "Mw": 6.180539936672691,
  "Mw_catalog": 6.5,
  "VR": 0.7419338604383977,
  "VR_round1": 0.4510700528023103,
  "dMw": 0.31946006332730903,
  "d_dip_np1": 77.82000000000001,
  "d_strike_np1": 28.306243485475633,
  "dip": 0.1,
  "n_railed": 1,
  "n_tracks": 2,
  "phase_sign": 1.0,
  "railed": [
    "FAUL Y"
  ],
  "rake": 82.08926610295724,
  "recentered": true,
  "round2_used": true,
  "stacked": true,
  "strike": 91.23375651452437,
  "zone": "GREEN"
}