{
  "Mw": 6.042786378440493,
  "Mw_catalog": 5.9,
  "VR": 0.9780061667885565,
  "VR_round1": 0.8705134641716502,
  "dMw": 0.14278637844049236,
  "d_dip_np1": 51.40354666931199,
  "d_strike_np1": 31.468481417805492,
  "dip": 72.713546669312,
  "n_railed": 0,
  "n_tracks": 2,
  "phase_sign": 1.0,
  "railed": [],
  "rake": -1.3164103439057824,
  "recentered": true,
  "round2_used": true,
  "stacked": false,
  "strike": 233.7215185821945,
  "zone": "GREEN"
}